nome	partido	estado	verba	inicio	fim	momento_poder	poder	possivel_ppe	possivel_pt	possivel_psdb	possivel_pmdb	possivel_dem	possivel_ppd	voto_estado_1990	voto_estado_1994	voto_estado_1998	voto_estado_2002	voto_estado_2006	voto_estado_2010	voto_estado_2014	voto_pres_1990	voto_pres_1994	voto_pres_1998	voto_pres_2002	voto_pres_2006	voto_pres_2010	voto_pres_2014
Antônio Carlos Magalhães	DEM	BA	3	1990	2007	8	<C_GOV>: +3 <I_FRC> e +1<I_DIN> / <C_SEN>: +3 <I_LGD> e +1 <I_FRC>	-	-	-	-	-	-	6	3	2	3	1									
César Borges	DEM	BA	2	1990	-	8	<C_QQR>: +2 <I_FRC> se <i>Antônio Carlos Magalhães</i> for <C_GOV> ou <C_SEN>	-	-	-	-	-	4*			7	2										
Josaphat Marinho	DEM	BA	1	1990	2001	8	<C_GOV>: +1 <I_FRC> para cada <P_DIR> que seu partido tiver.	-	-	-	-	-	-	6													
Luís Eduardo Magalhães	DEM	BA	2	1990	1997	8	<C_QQR>: +2<I_DIN> se Antônio Carlos Magalhães for <C_GOV> ou <C_SEN>	-	-	-	-	-	-	1	2												
Paulo Souto	DEM	BA	2	1990	-	8 / 3b	<C_GOV>: +1 <I_FRC> e +2 <I_LGD> / <C_DEP>: pode escolher entre 4 <CPI> para enviar ao STF	-	-	-	-	-	-		6	3	6	4	2	4							
Antônio Imbassahy	DEM	BA	1	1994	-	8	<C_DEP>: +1 <I_FRC>	-	-	4*	-	-	-			2	2	1									
ACM Neto	DEM	BA	2	2002	-	8	<C_DEP>: +1 <I_FRC> e +1 <I_LGD>	-	-	-	-	-	-						1	2							
Jaime Campos	DEM	CO	2	1990	-	8	<C_QQR>: +2<I_DIN> caso Júlio Campos ocupe algum cargo.	-	-	-	-	-	-	4				4									
Jofran Frejat	DEM	CO	1	1990	-	8	<C_DEP>: +2<I_DIN> caso seu partido controle diretamente o <M_SAU>	-	-	-	-	-	2*							4							
Jonas Pinheiro	DEM	CO	1	1990	2007	8	<C_SEN>: +1<I_DIN>	-	-	-	-	-	-		2		2										
Júlio Campos	DEM	CO	2	1990	-	8	<C_QQR>: +2<I_DIN> caso seu partido tenha mais mídias no <R_CO>	-	-	-	-	-	-	4		2											
Ronaldo Caiado	DEM	CO	3	1990	-	8	<C_DEP>: +1 <I_LGD> para cada <P_AGR> que seu partido tiver.	-	-	-	-	-	-							4							
Demóstenes Torres	DEM	CO	1	1998	-	3a	<C_SEN>: +1 no 1d6 ao tentar realizar <A_CRR>	-	-	-	-	-	-				2		3								
Eliseu Resende	DEM	MG	1	1990	2010	8	<C_DEP>: +1 <I_FRC> para cada <P_EDU> que seu partido tiver.	-	-	-	-	-	-					5									
Francelino Pereira	DEM	MG	2	1990	2002	8	<C_SEN>: +1 <I_FRC> para cada UF que o <DEM> governar na Região Nordeste	-	-	-	-	-	-	1	1												
Siqueira Campos	DEM	N	2	1990	-	8	<C_GOV>: +2 <I_FRC> e +1 <I_LGD>	-	-	4	-	4	4	3	3	3			3								
Kátia Abreu	DEM	N	3	1998	-	8	<C_LEG> +1 <I_FRC> para cada <P_AGR> que seu partido tiver.	-	-	-	3	3	3					3		3							
Omar Aziz	DEM	N	1	1998	-	8	<C_GOV>: +1 <I_FRC>	-	-	-	-	-	3*						6	5							
Divaldo Suruagy	DEM	NRL	1	1990	2002	8	<C_GOV>: +1 <I_FRC>	-	-	-	3*	-	-	2	6												
Guilherme Palmeira	DEM	NRL	1	1990	2008	8	<C_SEN>: +1 <I_FRC>	-	-	-	-	-	-	5													
Iberê Ferreira	DEM	NRL	1	1990	2014	8	<C_DEP>: +1 <I_FRC> para cada partido aliado ao seu.	-	-	-	-	3	3						3								
João Alves Filho	DEM	NRL	2	1990	-	8	<C_GOV>: +2 <I_FRC>	-	-	-	-	-	-	6		3	4	3	3								
José Agripino Maia	DEM	NRL	2	1990	-	8	<C_QQR>: +2 <I_FRC> caso <i>Lavoisier Maia</i> possua algum cargo.	-	-	-	-	-	-	8	3	4	2		3								
Lavoisier Maia	DEM	NRL	2	1990	2010	8	<C_DEP>: +1 <I_LGD> e +1<I_DIN>	-	-	-	-	4	4	7	4												
Benedito de Lira	DEM	NRL	1	1994	-	8	<C_DEP>: +1<I_DIN>	-	-	-	-	-	4*						2	2							
Maria do Carmo Alves	DEM	NRL	1	1998	-	8	<C_SEN>: +2 <I_FRC> caso <i>João Alves Filho</i> possua algum cargo.	-	-	-	-	-	-			3		3		2							
Rosalba Ciarlini	DEM	NRL	1	2006	-	8	<M_SAU>: +2<I_DIN>	-	-	4	-	2	-					4	6								
Alexandre Costa	DEM	NRN	1	1990	1998	8	<C_SEN>: +1 <I_LGD>	-	-	-	-	-	-	3	2												
Edison Lobão	DEM	NRN	2	1990	-	8	<C_QQR>: +2 <I_FRC> caso aliado ou mesmo partido de <i>José Sarney</i>	-	-	-	6*	-	-	6	2		2		3								
Freitas Neto	DEM	NRN	1	1990	2010	8	<C_SEN>: +2<I_DIN> caso <i>Hugo Napoleão</i> ocupe qualquer cargo.	-	-	4*	-	-	-	8	3		2										
Heráclito Fortes	DEM	NRN	2	1990	-	8	<C_GOV>: +2<I_DIN>	-	-	-	-	-	-				2										
Hugo Napoleão	DEM	NRN	2	1990	-	8	<C_QQR>: +1 <I_LGD>	-	-	-	-	-	-	2	3	4	4	2									
João Alberto de Souza	DEM	NRN	1	1990	-	8	<C_LEG>: +2 <I_FRC> caso a vertente do seu partido seja <V_BBM>	-	-	-	2*	-	-			4			2								
José Reinaldo Tavares	DEM	NRN	1	1990	-	8	<C_QQR>: +2<I_DIN> caso aliado ou mesmo partido de <i>José Sarney</i>	4*	-	-	-	-	-				5										
Paulo Lustosa	DEM	NRN	1	1990	2002	8	<C_MIN>: +1 <I_LGD> para cada <P_FIN> que tiver.	-	-	-	-	-	-	4													
Zequinha Sarney	DEM	NRN	2	1990	-	8	<C_QQR>: +1 <I_FRC> e +1<I_DIN> caso <i>José Sarney</i> for <C_GOV> ou <C_SEN>	4*	-	-	-	-	-	1	1	1	1	1	1								
Ciro Nogueira	DEM	NRN	2	1994	-	8	<C_DEP>: +1 <I_FRC> para cada <P_DIR> que seu partido tiver.	-	-	-	-	-	4*						2								
Gustavo Krause	DEM	PE	1	1990	2010	8	<C_MIN>: +1 <I_FRC> para cada UF que o <DEM> governar na Região Nordeste	-	-	-	-	-	-		3												
Inocêncio Oliveira	DEM	PE	2	1990	-	8	<C_DEP>: +3<I_DIN> se seu partido controlar diretamente o <M_TRB>	-	-	-	-	-	4*			1	1	1	1								
Joaquim Francisco	DEM	PE	2	1990	-	8	<C_DEP>: +1 <I_LGD>	3	-	-	-	3	3	8													
José Jorge	DEM	PE	1	1990	-	8	<C_DEP>: +2 <I_FRC> caso seu partido seja aliado ao <PSDB>	-	-	-	-	-	-			2											
Marco Maciel	DEM	PE	2	1990	-	8	VICE: +1 <I_FRC> e +1 <I_LGD> para cada UF que o <DEM> governar na Região Nordeste	-	-	-	-	-	-	4			3		1								
Roberto Magalhães	DEM	PE	2	1990	-	8	<C_DEP>: +1 <I_LGD> para cada <P_DIR> que seu partido tiver.	-	-	-	-	-	-	2		2											
Mendonça Filho	DEM	PE	1	1994	-	8	<C_DEP>: +2 <I_FRC> caso <i>Jarbas Vasconcelos</i> possua algum cargo.	-	-	-	-	-	-					4									
Jaime Lerner	DEM	PR	2	1990	2002	8	<C_GOV>: +1 <I_FRC> pra cada <P_EDU> e <P_ART> que seu partido tiver.	-	-	-	-	-	-	2	6	6											
Cassio Taniguchi	DEM	PR	1	1998	-	8	<C_DEP>: +1<I_DIN>	-	-	-	-	-	-			2	2										
Luís Paulo Conde	DEM	RJ	1	1994	-	8	<C_GOV>: +1 <I_FRC>	-	-	-	4*	-	-			3	3	1									
Rodrigo Maia	DEM	RJ	1	1998	-	8	<C_DEP>: +2 <I_FRC> caso <i>César Maia</i> tenha algum cargo.	-	-	-	-	-	-							1							
Jorge Bornhausen	DEM	SC	3	1990	2010	8	<C_GOV> ou <C_LEG>: +2 <I_FRC> e +2<I_DIN>	-	-	-	-	-	-			3				3							
Vilson Kleinubing	DEM	SC	1	1990	1998	8	<C_GOV>: +1 <I_LGD>	-	-	-	-	-	-	8	4												
Raimundo Colombo	DEM	SC	1	1998	-	8	<C_GOV>: +2<I_DIN>	-	-	-	-	-	-					5	6	6							
Guilherme Afif Domingos	DEM	SP	3	1990	-	8	<C_QQR>: +1<I_DIN> para cada <C_MIN> do seu partido	-	-	-	-	2	4	4				4			1						
Romeu Tuma	DEM	SP	1	1990	2010	8	<C_SEN>: +2 <I_FRC> se sua Base Aliada controlar o <C_GOV>-<R_SP>	-	-	-	-	4	2		2	1	2										
Gilberto Kassab	DEM	SP	2	1998	-	8	<C_GOV>: +1<I_DIN> pra cada <C_GOV> do seu partido.	-	-	-	-	-	-						3								
João Durval	PPD	BA	2	1990	-	8	<C_QQR>: +2 <I_FRC> se seu partido for aliado do <DEM>	-	-	-	-	-	-		3			2									
Joaquim Roriz	PPD	CO	3	1990	-	8	<C_GOV>: +3<I_DIN>	-	-	-	-	-	-	5		5	5	5	4								
José Arruda	PPD	CO	1	1990	-	8	<C_GOV> ou <C_LEG>: +2<I_DIN>	4	-	4	-	2	-		3			5									
Lúcia Vânia	PPD	CO	1	1990	-	8	<C_LEG>: +1 <I_FRC>	-	-	3*	-	-	-		3		2		4								
Lúdio Coelho	PPD	CO	2	1990	2010	8	<C_SEN>: +2 <I_FRC> caso a vertente do seu partido seja <V_AGR>	-	-	3*	-	-	-	2	2												
Paulo Otávio	PPD	CO	2	1990	-	8	<C_LEG>: +1 <I_FRC> para cada <P_IND> do seu partido.	-	-	-	-	-	-				2										
Pedro Pedrossian	PPD	CO	1	1990	2002	8	<C_GOV>: +2 <I_LGD>	-	-	-	2	-	2	4													
Walmir Campelo	PPD	CO	1	1990	2002	8	<C_QQR>: +1 <I_FRC> para cada <P_DIR> que seu partido tiver.	-	-	-	-	-	-	4	5												
Alcides Rodrigues	PPD	CO	1	1998	-	8	<C_GOV>: +1<I_DIN> para cada <P_REL> que seu partido tiver.	-	-	-	-	-	-					5									
Blairo Maggi	PPD	CO	3	2002	-	8	<C_QQR>: +1<I_DIN> para cada <P_AGR> que seu partido tiver.	-	-	-	-	-	-				4	5	3								
Hélio Costa	PPD	MG	1	1990	-	8	<M_COM>: +1 <I_FRC> pra cada UF em que seu partido tiver mais mídia que outros partidos.	-	-	-	3*	-	-	4	4		2		4								
Hélio Garcia	PPD	MG	2	1990	1998	8	<C_GOV>: +2 <I_LGD>	-	-	-	-	-	-	5													
Itamar Franco	PPD	MG	1	1990	2011	8	VICE: +2 <I_LGD>	-	-	-	2	-	4	4		6			2								
José Alencar	PPD	MG	2	1990	2010	8	VICE: +2 <I_FRC>	-	-	-	3	-	3		1	2											
Eduardo Braga	PPD	N	2	1990	-	8	<C_GOV>: +1<I_DIN> para cada <P_VAR> que seu partido tiver.	-	-	-	4	-	4			4	5	5	4	4							
Ivo Cassol	PPD	N	3	1990	-	8	<C_GOV>: +1 <I_FRC>	3	-	3	-	3	3				3	3	3								
Mozarildo Cavalcanti	PPD	N	1	1990	-	8	<C_LEG>: +1 <I_LGD>	-	-	-	-	-	-			3		3									
Neudo Ribeiro Campos	PPD	N	1	1990	-	5b	<C_GOV>: +1 no 1d6 ao tentar realizar <A_CRR>	-	-	-	-	-	-		3	3											
Ottomar Pinto	PPD	N	1	1990	2007	8	<M_DEF>: +2 <I_LGD>	-	-	4*	-	-	-	3			3										
Alfredo Nascimento	PPD	N	2	1994	-	8	<C_MIN>: +1<I_DIN> pra cada outro <C_MIN> do seu partido.	-	-	-	-	-	-					4	2								
Antônio Carlos Valadares	PPD	NRL	1	1990	-	8	<C_LEG>: +2 <I_FRC>	3	-	-	-	-	3	4	2		1		1								
Fernando Collor	PPD	NRL	3	1990	-	8	<C_EXE>: +1 <I_FRC> e +1<I_DIN> para cada UF que o <PPD> governar no Nordeste	-	-	-	-	-	-	5			3	3	2	4	5						
Jackson Barreto	PPD	NRL	1	1990	-	8	<C_DEP>: +1<I_DIN> para cada partido aliado ao seu.	4	-	-	2	-	2		3	1	3			4							
Wlima de Faria	PPD	NRL	1	1990	-	8	<C_GOV>: +1<I_DIN> caso seu partido seja aliado ao <DEM>	3	-	-	-	-	3				4	5	2	4							
Robinson Faria	PPD	NRL	1	2002	-	8	<C_DEP>: +1 <I_LGD> e +1<I_DIN>	-	-	-	-	-	-							5							
Eduardo Amorim	PPD	NRL	1	2010	-	8	<C_SEN>: +1<I_DIN>	-	-	-	-	-	-						1	3							
Epitácio Cafeteira	PPD	NRN	1	1990	-	APS	<C_QQR>: +2 no 2d6 em caso de <A_APE> direto contra qualquer político da família Sarney	4	-	-	-	-	2	8	4	3	2	3									
João Castelo	PPD	NRN	1	1990	-	8	<C_QQR>: +2 <I_LGD> caso a vertente do seu partido seja <V_DSV>	-	-	4*	-	-	-	4	2	1	1	3	1								
Lúcio Alcântara	PPD	NRN	1	1990	-	8	<C_SEN>: +1 <I_LGD> para cada <P_EDU> que seu partido tiver.	-	-	3	-	3	3	1	3		5	3	1								
Mão Santa	PPD	NRN	1	1994	-	CRR	<C_SEN>: +1<I_DIN> para cada ação de <A_CRR> realizada com sucesso pelo seu partido.	-	-	-	4	-	2		4	4	2	2									
Cid Gomes	PPD	NRN	1	1998	-	8	<C_QQR>: +2 <I_FRC> caso <i>Ciro Gomes</i> ocupe qualquer cargo.	-	-	-	-	-	-					7	7								
João Vicente Claudino	PPD	NRN	2	2006	-	8	<C_SEN>: +1<I_DIN> para cada <P_VAR> que seu partido tiver.	-	-	-	-	-	-					5									
Afonso Camargo	PPD	PR	3	1990	2010	8	<C_DEP>: +1 <I_LGD>	-	-	3	-	3	3	2													
Álvaro Dias	PPD	PR	2	1990	-	APS	<C_SEN>: +2 no 2d6 em ataque direto a <i>Luís Inácio Lula da Silva</i>	4	-	2	-	-	4	5	4	3	4	5		7							
Osmar Dias	PPD	PR	1	1990	-	8	<C_DEP>: +2 <I_FRC> caso esteja no mesmo partido que <i>Álvaro Dias</i>	3	-	3	-	-	3		2		3	4	5								
Zé Eduardo de Andrade Vieira	PPD	PR	3	1990	2002	8	<C_MIN>: +2<I_DIN>	-	-	-	-	-	-	3													
Francisco Dornelles	PPD	RJ	3	1990	-	8	<C_LEG>: +1<I_DIN> e +1 <I_FRC> pra cada partido aliado ao seu.	-	-	-	-	-	-					4									
Roberto Campos	PPD	RJ	2	1990	2001	APS	<C_LEG>: +2 no 2d6 em caso de <A_APE> do <PPD> contra politicos do <PMDB>	-	-	-	-	-	-														
Roberto Jefferson	PPD	RJ	1	1990	2006	8	<C_DEP>: pode retirar um <T_INV> de outro qualquer político.	-	-	-	-	-	-														
Eduardo Paes	PPD	RJ	2	1998	-	8	<C_QQR>: +1<I_DIN> se sua Base Aliada controlar a <C_PRS>	-	-	3	3	3	3					1	3	3							
Jair Bolsonaro	PPD	RJ	1	1990	-	8	<C_DEP>: +2 <I_FRC> caso a vertente do seu partido seja <V_SJP>	-	-	-	-	-	-														
Marcelo Crivella	PPD	RJ	1	2002	-	8	<C_QQR>: +1 <I_FRC> para cada <P_REL> que tiver.	-	-	-	-	-	-				2	4	3	3							
Rosinha Garotinho	PPD	RJ	1	2002	-	8	<C_GOV>: +2<I_DIN> e +2 <I_FRC> caso <i>Anthony Garotinho</i> seja <C_PRS>	-	-	-	-	-	-				6										
Nelson Merchesan	PPD	RS	2	1990	2002	8	<C_DEP>: +1 <I_LGD>	-	-	4*	-	-	-	4													
Sérgio Zambiasi	PPD	RS	1	1990	-	8	<C_SEN>: +2<I_DIN>	-	-	-	-	-	-				2										
Emília Fernandes	PPD	RS	1	1994	-	8	<C_LEG>: +1<I_DIN> e +1 <I_FRC> caso esteja no mesmo partido do <i>Sérgio Zambiasi</i>	3	3	-	-	-	3		2	1	1										
Ana Amélia Lemos	PPD	RS	1	2010	-	8	<C_GOV>: +1 <I_FRC> para cada <P_COM> que seu partido tiver.	-	-	-	-	-	-						2	4							
Ângela Amim	PPD	SC	2	1990	-	8	<C_GOV>: +2 <I_FRC> se <i>Esperdião Amim</i> for <C_LEG>	-	-	-	-	-	-		4	2	2		3								
Esperidião Amim	PPD	SC	2	1990	-	8	<C_DEP>: +3<I_DIN> / <C_GOV>: +3 <I_FRC> / <C_SEN>: +3 <I_LGD>	-	-	-	-	-	-	8		6	4	4				1					
Paulo Bauer	PPD	SC	2	1990	-	8	<C_LEG>: +2<I_DIN>	-	-	3	3	-	3						3	3							
Enéas Carneiro	PPD	SP	0	1990	2006	8	<C_PRS>: +2 <I_LGD>	-	-	-	-	-	-				4	1				1	1				
Francisco Rossi	PPD	SP	1	1990	-	8	<C_GOV>: +1<I_DIN>	4	-	-	2	-	2		3	2											
José Maria Eymael	PPD	SP	0	1990	-	8	<C_PRS>: +1<I_DIN> para cada <P_REL> que tiver.	-	-	-	-	-	-														
Paulo Maluf	PPD	SP	3	1990	-	5b / CRR	<C_GOV>: +1 no 1d6 de <A_CRR> / <C_PRS>: +1 no 1d6 de <A_CRR> para <C_QQR> político do <PPD>.	-	-	-	-	-	-	7	3	4	4	3	1		1						
Celso Pitta	PPD	SP	1	1994	2009	8	<C_QQR>: +2<I_DIN> se <i>Paulo Maluf</i> tiver em algum cargo <C_EXE>	-	-	-	-	-	-			3											
Celso Russomano	PPD	SP	1	1994	-	8	<C_GOV>: +2<I_DIN>	-	-	4	-	-	2		1			1	1	3							
Levy Fidelix	PPD	SP	0	1998	-	8	<C_PRS>: -2 <I_FRC> para o partido mais fraco.	-	-	-	-	-	-														
Gabriel Chalita	PPD	SP	1	2010	-	8	<C_QQR>: +1<I_DIN> para cada <P_REL> que tiver.	-	-	-	-	-	-						1								
Tiririca	PPD	SP	0	2010	-	8	<C_DEP>: +1<I_DIN> para cada <P_ART> que tiver.	-	-	-	-	-	-						3	2							
João Henrique Carneiro	PPE	BA	1	1998	-	8	<C_DEP>: +2 <I_FRC> se pertencer ao mesmo partido de <i>João Durval</i>	-	-	-	3	-	3					2	2								
Dante de Oliveira	PPE	CO	0	1990	2006	8	<C_GOV>: +1 <I_FRC> para cada partido aliado ao seu.	-	-	3*	-	-	-		5	4	1										
Agnelo Queiroz	PPE	CO	0	1994	-	8	<C_DEP>: +2<I_DIN>	-	4*	-	-	-	-					4	5	2							
Rodrigo Rollemberg	PPE	CO	1	1998	-	8	<C_LEG> ou <C_GOV>: -1 <I_FRC> para outros partidos para cada <P_AGR> que tiverem.	-	-	-	-	-	-						3	5							
Pedro Taques	PPE	CO	0	2010	-	6	<C_SEN>: +2 <I_FRC> pra cada julgamento terminado em condenação	-	-	-	-	-	-						2	4							
Célio de Castro	PPE	MG	1	1990	2002	8	<M_SAU>: +1 <I_LGD>	-	-	-	-	-	-			2											
Júnia Marise	PPE	MG	1	1990	2002	8	<C_SEN>: +1 <I_LGD>	-	-	-	-	-	-	3		1											
Márcio Lacerda	PPE	MG	2	2002	-	8	<C_QQR>: +1 <I_FRC> se seu partido for da Base Aliada do <i>Ciro Gomes</i>	-	-	-	-	-	-							2							
João Capiberibe	PPE	N	1	1990	-	8	<C_GOV>: +2 <I_FRC> caso seu partido controle mais <P_SUB> que qualquer outro partido.	-	-	-	-	-	-		3	3			3								
Waldez Goés	PPE	N	1	1998	-	5b / CRR	<C_GOV>: +1 no 1d6 de <A_CRR> / <C_PRS>: +1 no 1d6 de <A_CRR> para <C_QQR> político do <PPE>.	-	-	-	-	-	-				3	3		5							
Randolfe Rodrigues	PPE	N	0	2010	-	8	<C_SEN>: -1 <I_FRC> para outro partido para cada <P_REL> que tiverem.	-	-	-	-	-	-						3								
Ronaldo Lessa	PPE	NRL	1	1990	-	8	<C_GOV>: +1 <I_FRC>	-	-	-	-	-	-			4	4	3	2								
Ricardo Coutinho	PPE	NRL	0	2002	-	8	<C_GOV>: +1 <I_FRC> para cada <P_SUB> que seu partido tiver.	-	-	-	-	-	-					3	4	5							
Haroldo Saboia	PPE	NRN	1	1990	-	8	<C_DEP>: +1 <I_FRC>	2	4	-	-	-	-			1	1										
Jackson Lago	PPE	NRN	1	1990	2010	8	<C_QQR>: +2 <I_FRC> caso <i>Leonel Brizola</i> ocupe qualquer cargo.	-	-	-	-	-	-	1	2	1	4	5	1								
Inácio Arruda	PPE	NRN	1	1994	-	8	<C_LEG>: +1 <I_FRC> para cada <P_SUB> que seu partido tiver.	-	-	-	-	-	-			1	1	5									
Flávio Dino	PPE	NRN	1	2006	-	8	<C_GOV>: +1 <I_FRC> para cada <P_DIR> que seu partido tiver.	-	-	-	-	-	-						2	6							
Wilson Martins	PPE	NRN	2	2006	-	8	<C_GOV>: +1<I_DIN> para cada partido aliado ao seu.	-	-	-	-	-	-						4	3							
Miguel Arraes	PPE	PE	2	1990	2005	8	<C_GOV>: +2 <I_LGD> e +2 <I_FRC>	-	-	-	-	-	-	6	6	3											
Roberto Freire	PPE	PE	1	1990	-	8	<C_DEP>: +3<I_DIN>	-	-	-	-	-	-	1	2												
Eduardo Campos	PPE	PE	2	1994	2014	8	<C_GOV>: +2<I_DIN> e +2 <I_FRC>	-	-	-	-	-	-			2	2	6	8								
Paulo Câmara	PPE	PE	1	2010		8	<C_GOV>: +2<I_DIN>	-	-	-	-	-	-							5							
Cidinha Campos	PPE	RJ	1	1990	-	8	<C_DEP>: +1 <I_FRC> para cada <P_COM> que seu partido tiver.	-	-	-	-	-	-	1	1												
Darcy Ribeiro	PPE	RJ	0	1990	1997	8	<C_QQR>: +3 <I_LGD> caso a vertente do seu partido seja <V_IDS>	-	-	-	-	-	-	4													
Fernando Gabeira	PPE	RJ	1	1990	-	8	<C_DEP>: +1<I_DIN> pra cada partido de sua Base Aliada	-	-	-	-	-	-	1					4								
Jandira Feghali	PPE	RJ	0	1990	-	8	<C_DEP>: +1 <I_FRC> para cada mulher de seu partido com cargo.	-	-	-	-	-	-				1	3									
Jorge Roberto Silveira	PPE	RJ	1	1990	-	8	<C_QQR>: +1 <I_FRC> caso seu partido controle diretamente o <C_GOV>-<R_RJ>	-	-	-	-	-	-				2										
Leonel Brizola	PPE	RJ	2	1990	2002	8	<C_EXE>: +2 <I_LGD> e +2 <I_FRC>	-	-	-	-	-	-	7							2	1					
Marcello Alencar	PPE	RJ	1	1990	2002	8	<C_GOV>: +2 <I_LGD>	-	-	3*	-	-	-	4	5												
Miro Teixeira	PPE	RJ	1	1990	-	8	<C_DEP>: +2 <I_LGD>	2	4	-	4	-	4														
Anthony Garotinho	PPE	RJ	1	1994	-	8	<C_GOV>: +2<I_DIN>	-	-	-	-	-	2*		3	6			4	2				2			
Lindberg Farias	PPE	RJ	1	1994	-	8	<C_LEG>: +1<I_DIN> pra cada <P_EDU> que seu partido tiver.	-	4*	-	-	-	-						2	1							
Marcelo Freixo	PPE	RJ	0	2006	-	8	<C_DEP>: -2 <I_FRC> para o partido com mais <I_CDM>.	-	-	-	-	-	-						1	2							
Romário	PPE	RJ	1	2010	-	8	<C_SEN>: -1 <I_FRC> para outros partidos de oposição para cada <P_ESP> que tiverem.	-	-	-	-	-	-						1	3							
Alceu Collares	PPE	RS	0	1990	-	8	<C_GOV>: +3 <I_FRC>	-	-	-	-	-	-	6													
Dilma Rousseff	PPE	RS	1	1990	-	8 / 5a	<M_DSV>: +2 <I_FRC> / <C_PRS>: se quiser, pode realizar n ações com sucesso automatico por 1 <T_STR> cada	-	6*	-	-	-	-													6	5
José Paulo Bisol	PPE	RS	0	1990	2002	8	<C_QQR>: +2 <I_FRC> caso seu partido seja aliado do <PSDB>	-	-	-	-	-	-			1											
Luicana Genro	PPE	RS	1	2006	-	8	<C_PRS>: -1 <I_FRC> para cada personalidade <P_MAG> e <P_FIN> de qualquer partido.	-	-	-	-	-	-														1
Manuela D'Ávilla	PPE	RS	0	2006	-	8	<C_QQR>: +1 <I_LGD> caso o <C_GOV>-<R_RS> seja de sua Base Aliada	-	-	-	-	-	-						2								
Sérgio José Grando	PPE	SC	0	1990	-	8	<C_GOV>: +1 <I_FRC>	-	-	-	-	-	-		2												
Geddel Vieira Lima	PMDB	BA	3	1990	-	8	<C_DEP>: +1<I_DIN> para cada <P_FIN> que seu partido tiver.	-	-	-	-	-	-						2	3							
Waldir Pires	PMDB	BA	2	1990	2010	8	<C_MIN>: +2 <I_LGD>	3	3	4	4	-	-	7	2		2										
Carlos Bezerra	PMDB	CO	2	1990	-	8	<C_QQR>: +1 <I_LGD>	-	-	-	-	-	-	4	2	2	1										
Íris Rezende	PMDB	CO	3	1990	-	8	<C_LEG> ou <C_GOV>: +3 <I_FRC>	-	-	-	-	-	-	5	4	5			4	4							
Luís Estevão	PMDB	CO	1	1998	-	5b	<C_GOV>: +1 no 1d6 de <A_CRR>	-	-	-	-	-	-			3											
Maguito Vilela	PMDB	CO	1	1990	-	8	<C_GOV>: +1<I_DIN> para cada <P_TEC> que seu partido tiver.	-	-	-	-	-	-		5	3	3	4									
Ramez Tebet	PMDB	CO	2	1990	2006	8 / 3	<C_LEG>: Pode escolher entre 4 <CPI> para enviar ao STF	-	-	-	-	-	-		2		2	3									
André Puccinelli	PMDB	CO	1	1994	-	8	<C_GOV>: +1<I_DIN> para cada <P_MAG> que seu partido tiver.	-	-	-	-	-	-					5	4								
Silval Barbosa	PMDB	CO	1	2006	-	8	<C_GOV>: +2 <I_FRC> caso o <PMDB> seja aliado do <PPD>	-	-	-	-	-	-						4								
Newton Cardoso	PMDB	MG	3	1990	-	5b	<C_GOV>: +1 no 1d6 de <A_CRR>	-	-	-	-	-	-	5				2									
Ronan Tito	PMDB	MG	1	1990	1998	8	<C_SEN>: +1 <I_FRC>	-	-	-	-	-	-	1													
Sérgio Naya	PMDB	MG	1	1990	2008	8	<C_DEP>: +1<I_DIN> para cada <P_IND> que seu partido tiver.	-	-	-	-	-	4*	1													
Amazonino Mendes	PMDB	N	1	1990	-	8	<C_GOV>: +2<I_DIN>	-	-	-	3	3	3	8	6	5		4									
Gilberto Mestrinho	PMDB	N	2	1990	2009	8	<C_GOV>: +2 <I_LGD>	-	-	-	-	-	-	5		4	2	1									
Jader Barbalho	PMDB	N	3	1990	-	8	<C_LEG>: +3 <I_FRC> caso seu partido tenha mais mídia no <R_N> que qualquer outro partido.	-	-	-	-	-	-	5	3	4											
Romero Jucá	PMDB	N	1	1990	2014	8	<C_SEN>: +1 <I_LGD> para cada <P_FIN> que seu partido tiver.	-	-	3	3	-	-	3	3		3		3								
Valdir Raup	PMDB	N	1	1990	2014	8	<C_SEN>: +2 <I_FRC> caso seu partido governe <R_SC>	-	-	-	-	-	-		3		3		3								
Cássio Cunha Lima	PMDB	NRL	2	1990	-	8	<C_GOV>: +2<I_DIN>	-	-	4*	-	-	-				4	4	2	4							
Garibaldi Alves Filho	PMDB	NRL	2	1990	-	8	<C_SEN> ou <C_GOV>: +3 <I_FRC> caso seu partido tenha mais mídia no <R_NRL> que qualquer outro partido.	-	-	-	-	-	-	5	5	5	3	4	4								
Geraldo Melo	PMDB	NRL	1	1990	-	8	<C_SEN>: +2 <I_FRC> caso seu partido controle mais <P_COM> que qualquer outro partido.	-	-	3	3	-	-	5	4		1	1									
Henrique Eduardo Alves	PMDB	NRL	1	1990	-	8	<C_DEP>: +3 <I_FRC> caso seu partido tenha mais mídia no <R_NRL> que qualquer outro partido.	-	-	-	-	-	-							4							
Humberto Lucena	PMDB	NRL	2	1990	1998	8	<C_SEN>: +2 <I_LGD>	-	-	-	-	-	-	2	1												
José Maranhão	PMDB	NRL	2	1990	-	8	<C_GOV>: +2 <I_FRC>	-	-	-	-	-	-			6	1	3	3	2							
Renan Calheiros	PMDB	NRL	2	1990	-	8 e CRR	<C_SEN>: +2 <I_FRC> e +1 no 1d6 de <A_CRR> para qualquer político do <PMDB>.	-	-	-	-	-	-	3	1		3		2								
Ronaldo Cunha Lima	PMDB	NRL	1	1990	2012	8	<C_DEP>: +2 <I_FRC> caso esteja no mesmo partido que <i>Cícero Lucena</i>	-	-	4*	-	-	-	5	1												
Teotônio Vilela Filho	PMDB	NRL	2	1990	-	8	<C_SEN>: +2 <I_LGD> / <C_GOV>: +2 <I_FRC>	-	-	4*	-	-	-	2	2		2	5	3								
Cícero Lucena	PMDB	NRL	2	1998	-	8	<C_SEN>: +2 <I_FRC> caso esteja no mesmo partido que <i>Ronaldo Cunha Lima</i>	-	-	3*	-	-	-					2									
Fernado Bezerra	PMDB	NRL	2	1998	-	8	<M_DSV>: +2<I_DIN>	-	-	-	3	-	3			3	2	4									
Renan Calheiros Filho	PMDB	NRL	1	2010	-	8	<C_GOV>: +2 <I_FRC> caso <i>Renan Calheiros</i> ocupe o <C_SEN>	-	-	-	-	-	-						1	4							
Alberto Silva	PMDB	NRN	1	1990	2009	8	<C_LEG>: +2 <I_LGD>	-	-	-	-	-	-	4		3											
Gonzaga Mota	PMDB	NRN	2	1990	-	8	<C_DEP>: +2 <I_FRC> caso a vertente do seu partido seja <V_CRL>	-	-	4*	-	-	-			2											
José Sarney	PMDB	NRN	3	1990	2014	8	<C_SEN> ou <C_GOV>: +1 <I_FRC> e +1 <I_LGD> pra cada partido de sua Base Aliada.	-	-	-	-	-	-	3		3		3									
Juraci Magalhães	PMDB	NRN	1	1990	2008	8	<C_GOV>: +1 <I_FRC> para cada <P_IND> que seu partido tiver.	-	-	-	4	4	4	2	4	2	2										
Mauro Benevides	PMDB	NRN	1	1990	-	8	<C_LEG>: +1<I_DIN> para cada <P_DIR> que seu partido tiver.	-	-	-	-	-	-	3	1												
Gastão Vieira	PMDB	NRN	1	1994	-	8	<C_QQR>: +2<I_DIN> se <i>José Sarney</i> for <C_GOV> ou <C_SEN>	-	-	-	-	-	-						1	3							
Roberto Rocha	PMDB	NRN	1	1994	-	8	<C_DEP>: +2<I_DIN> caso seu partido governe <R_NRN>	4	-	4	4	-	-							4							
Roseana Sarney	PMDB	NRN	2	1994	2014	8	<C_GOV>: +3 <I_FRC> se <i>José Sarney</i> for <C_SEN>	-	-	-	-	-	-		4	5	3	4	5								
Eunício Oliveira	PMDB	NRN	2	1998	-	8	<C_LEG>: +2 <I_FRC> caso seu partido governe <R_NRN>	-	-	-	-	-	-					1	3	4							
Edison Lobão Filho	PMDB	NRN	1	2010	-	8	<C_GOV>: +2 <I_FRC> caso <i>Edison Lobão</i> ocupe algum <C_MIN>	-	-	-	-	-	-							3							
Carlos Wilson	PMDB	PE	2	1990	2006	8	<C_QQR>: +2 <I_FRC> se seu partido controlar a <C_PRS>	-	3	3	3	-	3		2	1	2										
Jarbas Vasconcelos	PMDB	PE	2	1990	-	8	<C_GOV>: +2 <I_FRC> e +1<I_DIN> / <C_SEN>: +2 <I_LGD> e +1 <I_FRC>	-	-	-	-	-	-	5	2	7	7	6	2								
Sérgio Guerra	PMDB	PE	1	1990	-	8	<C_DEP>: +2 <I_FRC>	-	-	4*	-	-	-				2										
Armando Monteiro	PMDB	PE	1	1998	-	8	<C_LEG>: +1<I_DIN> para cada <P_IND> que seu partido tiver.	-	-	-	3	-	3						3	4							
Rafael Greca	PMDB	PR	1	1990	2006	8	<C_QQR>: +2 <I_FRC> caso seu partido controle mais <P_EDU> que qualquer outro partido.	-	-	-	-	-	-		2												
Roberto Requião	PMDB	PR	3	1990	-	8	<C_GOV> ou <C_SEN>: +1 <I_LGD> e +1 <I_FRC> pra cada <P_COM> que seu partido contolar.	-	-	-	-	-	-	5	3	5	5	5	2	3							
Gustavo Fruet	PMDB	PR	1	1998	-	8	<C_GOV>: +1 <I_FRC>	3	-	3	-	-	-							2							
César Maia	PMDB	RJ	1	1990	-	APS	<C_QQR>: +2 no 2d6 em caso de <A_APE> direto contra <i>Anthony Garotinho</i> .	-	-	-	4	4	4	1	3	4	2	3	1	1							
Moreira Franco	PMDB	RJ	2	1990	-	8	<C_QQR>: +1 <I_FRC>	-	-	-	-	-	-	5													
Sérgio Cabral Filho	PMDB	RJ	2	1994	-	8	<C_GOV>: +3<I_DIN> se sua Base Aliada controlar a <C_PRS>	-	-	-	-	-	-			2	2	6	7								
Eduardo Cunha	PMDB	RJ	1	2002	-	8	<C_DEP>: -2 <I_FRC> para partidos com vertente <V_DFM>	-	-	-	-	-	-														
Leonardo Picciani	PMDB	RJ	1	2002	-	8	<C_DEP>: +1 <I_FRC>	-	-	-	-	-	-					1	1								
Luiz Fernando Pezão	PMDB	RJ	1	2002	-	8	<C_GOV>: +1<I_DIN>	-	-	-	-	-	-							5							
Antônio Britto	PMDB	RS	2	1990	2002	8	<C_QQR>: +2 <I_FRC> se seu partido possuir mais <I_CDM> no <R_RS>.	-	-	-	-	-	4*		5	5											
Germano Rigotto	PMDB	RS	2	1990	-	8	<C_QQR>: +1 <I_LGD>	-	-	-	-	-	-				5	3	2								
José Fogaça	PMDB	RS	1	1990	-	8	<C_QQR>: +1 <I_FRC> para cada conjunto <P_EDU> e <P_DIR> que seu partido tiver.	-	-	-	-	-	-	2	3			2	5								
Nelson Jobim (99-06 - STF)	PMDB	RS	2	1990	-	8	M.DEF: +3 <I_FRC>	-	-	-	-	-	-														
Pedro Simon	PMDB	RS	1	1990	-	8	<C_SEN> ou <C_GOV>: +3 <I_LGD>	-	-	-	-	-	-	8		2		2		1							
Casildo Maldaner	PMDB	SC	1	1990	-	8	<C_SEN>: +2 <I_FRC> caso seu partido governe <R_SC>	-	-	-	-	-	-		3												
Luiz Henrique da Silveira	PMDB	SC	2	1990	-	8	<C_LEG> ou <C_GOV>: +1 <I_FRC> e +1 <I_LGD>	-	-	-	-	-	-				5	5	3								
Paulo Evangelista Vieira	PMDB	SC	1	1990	2006	8	<C_GOV>: +1<I_DIN>	-	-	-	-	-	-	3	5	2											
Leonel Pavan	PMDB	SC	1	1994	-	8	<C_LEG>: +1 <I_FRC>	-	-	3*	-	-	-				3										
Dário Berger	PMDB	SC	1	2006	-	8	<C_GOV>: +1<I_DIN>	-	-	-	-	-	-					2	2	4							
Aloysio Nunes	PMDB	SP	1	1990	-	3	<M_JST>: -2 no 2d6 caso <C_QQR> <C_GOV> do seu partido seja alvo de Cassação	-	-	4*	-	-	-		1				3								
Calso Amorim	PMDB	SP	1	1990	-	8	M.EXT: +2 <I_FRC>	-	6*	-	-	-	-														
Luís Antônio Fleury Filho	PMDB	SP	1	1990	-	8	<C_GOV>: +2 <I_FRC>	-	-	-	-	-	4*	3													
Michel Temer	PMDB	SP	3	1990	-	8	<C_DEP>: +3 <I_FRC>	-	-	-	-	-	-	1	1	1	1	1	1	1							
Orestes Quércia	PMDB	SP	2	1990	2010	8	<C_EXE>: +2<I_DIN> e +2 <I_FRC>	-	-	-	-	-	-	5	1	1	1	1				1					
Ulyssess Guimarães	PMDB	SP	2	1990	1992	8	<C_PRS>: +5 <I_LGD>	-	-	-	-	-	-	2							1						
Jutahy Magalhães Júnior	PSDB	BA	2	1990	-	8	<C_DEP>: +1 <I_FRC> e +1 <I_LGD> caso seu partido seja aliado ao <DEM>.	-	-	-	-	-	-		2												
Lídice da Mata	PSDB	BA	0	1990	-	8	<C_QQR>: -2 <I_LGD> ao <DEM>	3*	-	-	-	-	-		2				2								
Antero Paes de Barros	PSDB	CO	1	1990	-	8	<C_SEN>: +2 no 2d6 em ataque direto a <i>Blairo Baggi</i>	-	-	-	-	-	-			3	2	1									
Maria de Lourdes Abadia	PSDB	CO	1	1990	-	8	<C_GOV>: +1 <I_LGD>	-	-	-	-	-	-		2			2									
Marconi Perillo	PSDB	CO	2	1994	-	8	<C_GOV>: +3<I_DIN>	-	-	-	-	-	-			4	5	7	5	5							
Marisa Serrano	PSDB	CO	0	1998	-	8	<C_LEG>: +1 <I_FRC> caso seu partido controle mais <P_EDU> que qualquer outro partido.	-	-	-	-	-	-				3										
Aécio Neves	PSDB	MG	3	1990	-	8	<C_GOV> ou <C_SEN>: +1<I_DIN> e +1 <I_FRC> pra cada <P_MAG> que seu partido contolar.	-	-	-	-	-	-				6	8	4								4
Eduardo Azeredo	PSDB	MG	1	1990	-	8	<C_LEG>: +2 <I_FRC> caso a vertente do seu partido seja <V_PCL>	-	-	-	-	-	-		8	4	2										
Pimenta da Veiga	PSDB	MG	2	1990	-	8	<M_COM>: +2 <I_LGD>	-	-	-	-	-	-	3						3							
Antônio Anastácia	PSDB	MG	1	1994	-	8	<M_TRB>: +2 <I_FRC> caso o <PSDB> controle diretamente a <C_PRS>	-	-	-	-	-	-						7	4							
Almir Gabriel	PSDB	N	2	1990	-	8	<M_SAU>: +1 <I_FRC>	-	-	3	-	-	3	2	5	5		4									
Arthur Virgílio	PSDB	N	1	1990	-	APS	<C_QQR>: +2 no 2d6 em caso de <A_APE> contra o <PT>	-	-	-	-	-	-	4			3		2								
Mário Couto	PSDB	N	1	1990	-	3	<C_DEP>: +1 no 1d6 de <A_CRR>	-	-	-	-	-	-				1	3									
Flexa Ribeiro	PSDB	N	2	1998	-	8	<C_SEN>: +1 <I_FRC> para cada <P_IND> que seu partido tiver.	-	-	-	-	-	-						5								
Simão Jatene	PSDB	N	1	2002	-	8	<C_GOV>: +1 <I_FRC> para cada <P_ART> que seu partido tiver.	-	-	-	-	-	-				5		5	5							
José Anchieta Júnior	PSDB	N	1	2006	-	8	<C_GOV>: +1<I_DIN>	-	-	-	-	-	-					3	3								
Albano Franco	PSDB	NRL	2	1990	-	8	<C_LEG> ou <C_GOV>: +2 <I_LGD>	-	-	-	-	-	-	4	4	4											
João Faustino	PSDB	NRL	1	1990	-	8	<C_DEP>: +2 <I_FRC> caso seu partido seja aliado ao <DEM>	-	-	-	-	-	-	5													
Beni Veras	PSDB	NRN	1	1990	2006	8	<C_QQR>: +1 <I_FRC> caso <i>Tasso Jereissati</i> governe <R_NRN>	-	-	-	-	-	-	4													
Ciro Gomes	PSDB	NRN	2	1990	-	8	<C_QQR>: -2 <I_FRC> para cada <P_FIN> de outro partido não aliado.	4*	-	-	-	-	-	6				2					2	2			
Tasso Jereissati	PSDB	NRN	3	1990	-	8	<C_QQR>: +1 <I_FRC> pra cada estado em que o <PSDB> tiver mais mídia	-	-	-	-	-	-	6	6	7	3		2	5							
Patrícia Saboya	PSDB	NRN	0	2002	-	8	<C_LEG>: +1 <I_FRC> caso <i>Ciro Gomes</i> ocupe qualquer cargo.	4*	-	-	-	-	-				3										
Flávio Arns	PSDB	PR	2	1990	-	8	<C_LEG>: +2<I_DIN>	-	3	3	-	-	-				2										
José Richa	PSDB	PR	1	1990	1998	8	<C_SEN>: +2 <I_LGD>	-	-	-	-	-	-	3													
Beto Richa	PSDB	PR	2	1998	-	8	<C_GOV>: +2 <I_FRC>	-	-	-	-	-	-					2	6	6							
Artur da Távola	PSDB	RJ	1	1990	2008	8	<C_LEG>: +1 <I_LGD> para cada  <P_ART> que seu partido tiver.	-	-	-	-	-	-		2		1										
Paulo Hartung	PSDB	RJ	1	1990	-	8	<C_QQR>: +2 <I_FRC> caso seu partido controle mais <P_FIN> que qualquer outro partido.	-	-	-	4*	-	-				2	2		2							
Luís Paulo Corrêa da Rocha	PSDB	RJ	0	1994	-	8	<C_DEP>: +2 <I_FRC> se seu partido for aliado do <PPE>	-	-	-	-	-	-			2											
Denise Frossard	PSDB	RJ	0	2002	-	2b	<C_LEG>: -1 <I_FRC> para exercer influência no STF	-	-	3	-	-	3				2	3									
Yeda Crusis	PSDB	RS	1	1990	-	8	<C_QQR>: +1 <I_FRC> caso seu partido controle diretamente a <C_PRS> ou o <C_GOV>-<R_RS>	-	-	-	-	-	-					5	2								
André Franco Montoro	PSDB	SP	2	1990	1999	8	<C_DEP>: +2 <I_LGD>	-	-	-	-	-	-	1													
Fernando Henrique Cardoso	PSDB	SP	2	1990	-	8	<C_PRS>: +2 <I_LGD> e +2<I_DIN> e o Legislativo não pode cancelar suas ações.	-	-	-	-	-	-	2								6	6				
Geraldo Alckmin	PSDB	SP	2	1990	-	5b / CRR	<C_GOV>: +1 no 1d6 de <A_CRR> / <C_PRS>: +1 no 1d6 de <A_CRR> para <C_QQR> político do <PSDB>.	-	-	-	-	-	-				6		7	6					4		
José Anibal	PSDB	SP	1	1990	-	8	<C_DEP>: +2 <I_FRC>	-	-	-	-	-	-				1									4	
José Serra	PSDB	SP	2	1990	-	1	<C_QQR>: Seus Dossiês custam -1<I_DIN> e pode fazer 2 deles por turno.	-	-	-	-	-	-	2	3	1		9		7				4		4	
Mário Covas	PSDB	SP	1	1990	2001	8	<C_EXE>: +2 <I_LGD> e +2 <I_FRC>	-	-	-	-	-	-	5	5	5					2						
Paulo Renato	PSDB	SP	0	1990	-	8	<M_EDC>: +2<I_DIN>	-	-	-	-	-	-														
Sérgio Motta	PSDB	SP	3	1990	1998	8	<C_MIN>: +4<I_DIN> caso a vertente do seu partido seja <V_NEO>	-	-	-	-	-	-														
Jacques Wagner	PT	BA	1	1990	-	8	<C_GOV>: -2 <I_FRC> para o <DEM>	-	-	-	-	-	-				4	5	7								
Walter Pinheiro	PT	BA	0	1998	-	8	<C_LEG>: +2 <I_LGD> caso seu partido seja mais forte que o <DEM>	-	-	-	-	-	-						3								
Rui Costa	PT	BA	0	2002	-	8	<C_GOV>: +1 <I_FRC> para cada <P_SUB> que seu partido tiver.	-	-	-	-	-	-							2							
Cristovam Buarque	PT	CO	1	1990	-	8	<M_EDC>: +2 <I_FRC>	3*	-	-	-	-	-		3	4			3						1		
Geraldo Magela	PT	CO	1	1990	-	8	<C_DEP>: +1 <I_LGD>	-	-	-	-	-	-				4			1							
Lauro Álvares Campos	PT	CO	1	1990	2002	8	<C_SEN>: +1 <I_FRC> para cada <P_DIR> que seu partido tiver.	-	-	-	-	-	-		3												
Zeca do PT	PT	CO	1	1990	-	5b	<C_GOV>: +1 no 1d6 ao tentar realizar <A_CRR>	-	-	-	-	-	-			5	4		3								
Delcídio do Amaral	PT	CO	1	1998	-	8	<M_DSV>: +1 <I_FRC>	-	-	-	-	-	-				2	2	2	4							
Serys Slhessarenko	PT	CO	0	1998	-	8	<C_SEN>: +1 <I_FRC> caso seu partido controle mais <P_EDU> que qualquer outro partido.	-	-	-	-	-	5*				2	1									
Nilmário Miranda	PT	MG	0	1990	-	8	<C_GOV>: +1 <I_FRC> para cada <P_SUB> que seu partido tiver.	-	-	-	-	-	-				3	2									
Patrus Ananias	PT	MG	1	1990	-	8	<C_QQR>: +1 <I_FRC> pra cada conjunto <P_DIR> e <P_SUB> que seu partido tiver.	-	-	-	-	-	-	2		4											
Fernando Pimentel	PT	MG	1	1994	-	8	<M_DSV>: +2 <I_FRC>	-	-	-	-	-	-					2	4	5							
Marina Silva	PT	N	0	1990	-	8	<C_QQR>: +3<I_DIN> pra cada conjunto <P_AGR> e <P_SUB> que seu partido tiver.	6*	-	-	-	-	-		3		3									2	3
Ana Júlia Carepa	PT	N	0	1994	-	8	<C_GOV>: +1 <I_FRC>	-	-	-	-	-	-				3	5	4								
Jorge Viana	PT	N	1	1994	-	8	<C_GOV>: +2 <I_FRC> pra cada conjunto <P_EDU> e <P_SUB> que seu partido tiver.	-	-	-	-	-	-			3	3		3								
Tião Viana	PT	N	1	1998	-	8	<C_QQR>: +1 <I_FRC> caso <i>Jorge Viama</i> possua qualquer cargo	-	-	-	-	-	-			3		3	3								
Paulo Rocha	PT	N	1	2006	-	8	<C_DEP>: +2 <I_FRC> caso seu partido controle a <C_PRS>	-	-	-	-	-	-							3							
José Eduardo Dutra	PT	NRL	1	1990	-	8	<M_DSV>: +1 <I_LGD>	-	-	-	-	-	-	1	1			2									
Marcelo Déda	PT	NRL	1	1994	2012	8	<C_GOV>: +2 <I_FRC>	-	-	-	-	-	-					4	4								
Heloísa Helena	PT	NRL	1	1998	-	8	<C_SEN>: +2 <I_FRC> caso a vertente do seu partido seja <V_DFM>	-	-	-	-	-	2*			2			1	2					1		
Fátima Bezerra	PT	NRL	0	2002	-	8	<C_DEP>: +1 <I_FRC> para cada outra mulher de seu partido com cargo.	-	-	-	-	-	-						1	5							
José Pimentel	PT	NRN	2	1990	-	8	<C_DEP>: +2 <I_LGD>	-	-	-	-	-	-						3								
José Aírton Cirilo	PT	NRN	1	1998	-	8	<C_DEP>: +2<I_DIN>	-	-	-	-	-	-			1	4										
Wellignton Dias	PT	NRN	1	1998	-	8	<C_LEG> ou <C_GOV>: +2 <I_FRC> se o <PT> for aliado ao <PMDB>	-	-	-	-	-	-				4	5	3	6							
Luizianne Lins	PT	NRN	0	2006	-	8	<C_GOV>: +1<I_DIN>	-	-	-	-	-	-					2	2								
Camilo Santana	PT	NRN	0	2010	-	8	<C_GOV>: +1 <I_FRC>	-	-	-	-	-	-							5							
Humberto Costa	PT	PE	1	1990	-	8	<M_SAU>: +1 <I_FRC>									1	4	3	3								
João Paulo Lima e Silva	PT	PE	0	2002	-	8	<C_GOV>: +1 <I_FRC> para cada <P_SUB> que seu partido tiver.										2	2		3							
Gleisi Hoffmann	PT	PR	1	2006	-	8	<C_QQR>: +2 <I_FRC> se Dilma Rousseff possuir um cargo <C_LEG> ou <C_EXE>	-	-	-	-	-	-					4	3	2							
Benedita da Silva	PT	RJ	0	1990	-	8	<C_SEN>: +2 <I_FRC>	-	-	-	-	-	-		4		4										
Jorge Bittar	PT	RJ	1	1990	-	8	<C_DEP>: +1 <I_FRC> pra cada <P_EDU> que seu partido tiver.	-	-	-	-	-	-	3	2												
Chico Alencar	PT	RJ	0	1998	-	3a	<C_DEP>: +2 no 2d6 ao realizar uma Cassação.	3*	-	-	-	-	-			1	1	1	2	2							
José Fortunati	PT	RS	1	1990	-	8	<C_QQR>: +2 <I_FRC> caso o <C_GOV>-<R_RS> seja de seu partido	4*	-	-	-	-	-							2							
Olívio Dutra	PT	RS	1	1990	-	8	<C_GOV>: +1 <I_FRC> para cada <P_SUB> que seu partido tiver.	-	-	-	-	-	-	2	3	6		3		2							
Paulo Paim	PT	RS	0	1990	-	8	<C_LEG>: +2 <I_FRC> caso sua Base Aliada controle o <M_TRB>	-	-	-	-	-	-				2		3								
Raul Pont	PT	RS	0	1990	-	8	<C_GOV>: +1 <I_FRC>	-	-	-	-	-	-			2											
Tarso Genro	PT	RS	2	1990	-	8	<C_GOV>: +2 <I_LGD> e +2 <I_FRC>	-	-	-	-	-	-	1	2		5		6	3							
Miguel Rossetto	PT	RS	1	1998	-	8	<M_DSV>: +2<I_DIN>	-	-	-	-	-	-					2									
Luci Choinacki	PT	SC	1	1990	-	8	<C_DEP>: +1 <I_FRC> para cada <P_SUB> que seu partido tiver.	-	-	-	-	-	-		2			2									
Cláudio Vignatti	PT	SC	0	2002	-	8	<C_DEP>: +1<I_DIN>	-	-	-	-	-	-						2	2							
Ideli Salvatti	PT	SC	1	2002	-	8	<C_SEN>: +1 <I_FRC> para cada <P_SUB> que seu partido tiver.	-	-	-	-	-	-				3		2								
Aloísio Mercadante	PT	SP	1	1990	-	8	<C_QQR>: +2 <I_LGD> caso uma <CPI> termine em condenação.	-	-	-	-	-	-			1	3	4	4								
Eduardo Suplicy	PT	SP	1	1990	-	8	<C_SEN>: +3 <I_LGD>	-	-	-	-	-	-	5	2	4		4		3							
Hélio Bicudo	PT	SP	0	1990	2005	8	<M_FAZ>: +1 <I_LGD>	-	-	-	-	-	-	1													
José Dirceu	PT	SP	3	1990	-	4a	<M_CCV>: +2 no 2d6 ao realizar uma ação de Lobby.	-	-	-	-	-	-		2		1										
José Eduardo Cardozo	PT	SP	1	1990	-	4d	<M_JST>: +2 <I_FRC> em caso de uma Investigação bem sucedida contra um partido mais fraco.	-	-	-	-	-	-														
José Genoino	PT	SP	0	1990	-	4c	<C_QQR>: +2 no 1d6 caso o <PT> seja alvo de uma Coerção.	-	-	-	-	-	-			1	4										
Luís Inácio Lula da Silva	PT	SP	2	1990	-	8 e 5a	<C_PRS>: +2 <I_FRC> e +2 <I_LGD>, caso realize uma açao de Network com sucesso, a Personalidade vai para o <PT>.	-	-	-	-	-	-	2							4	3	4	6	6		
Luísa Erundina	PT	SP	0	1990	-	8	<C_QQR>: +2 <I_FRC> caso seu partido seja o mais fraco.	3*	-	-	-	-	-	3	2	2											
Plínio de Arruda Sampaio	PT	SP	0	1990	2014	8	<C_PRS>: +3 <I_LGD>	3*	-	-	-	-	-	2													
Celso Daniel	PT	SP	1	1994	-	8	<C_GOV>: +2 <I_LGD>	-	-	-	-	-	-														
Marta Suplicy	PT	SP	0	1994	-	8	<C_GOV>: +1 <I_LGD>	-	-	-	-	-	-			3	3	2	4								
Antônio Palocci	PT	SP	2	1998	-	4b	<M_FAZ>: +2 no 2d6 ao realizar uma ação de Imposto	-	-	-	-	-	-														
Gilberto Carvalho	PT	SP	0	1998	-	8	<C_QQR>: +2 <I_FRC> caso seu partido controle diretamente a <C_PRS>	-	-	-	-	-	-														
Ivan Valente	PT	SP	0	1998	-	8	<C_DEP>: +1 <I_FRC>	3*	-	-	-	-	-					1	1								
Alexandre Padilha	PT	SP	0	2006	-	8	<M_SAU>: +1 <I_FRC>	-	-	-	-	-	-							1							
Fernando Haddad	PT	SP	0	2006	-	4h	<M_EDC>: +1 <I_LGD> caso não faça <A_CRR>.	-	-	-	-	-	-							3							
Ibsen Pinheiro	PMDB	RS	1	1990	-		<C_DEP>: +2<I_DIN>	-	-	-	-	-	-														